{
    "carrera": "Tecnico en ingenieria de computacion",
    "ciclo1": {
        "maximoUv": 19,
        "materias": [
            {
                "codigo": "ANF231",
                "nombre": "Antropologia filosofica",
                "cantidadUv": 3,
                "prerequisitos": "Bachillerato"
            },
            {
                "codigo": "PAL404",
                "nombre": "Programacion de algoritmos",
                "cantidadUv": 4,
                "prerequisitos": "Bachillerato"
            },
            {
                "codigo": "ALG501",
                "nombre": "Algebra Vectorial y matrices",
                "cantidadUv": 4,
                "prerequisitos": "Bachillerato"
            },
            {
                "codigo": "LME404",
                "nombre": "Lenguaje de marca y estilo web",
                "cantidadUv": 4,
                "prerequisitos": "Bachillerato"
            },
            {
                "codigo": "REC404",
                "nombre": "Redes de comunicacion",
                "cantidadUv": 4,
                "prerequisitos": "Bachillerato"
            }
        ]
    },
    "ciclo2": {
        "maximoUv": 19,
        "materias":[
            {
                "codigo": "DSP404",
                "nombre": "Desarrollo de aplicaciones web con software propietario",
                "cantidadUv": 4,
                "prerequisitos": "PAL404"
            },
            {
                "codigo": "POO404",
                "nombre": "Programacion orientada a objetos",
                "cantidadUv": 4,
                "prerequisitos": "PAL404"
            },
            {
                "codigo": "ASB404",
                "nombre": "Análisis y Diseño de Sistemas y Base de Datos",
                "cantidadUv": 4,
                "prerequisitos": "PAL404"
            },
            {
                "codigo": "PSC231",
                "nombre": "Pensamiento Social Cristiano",
                "cantidadUv": 4,
                "prerequisitos": "Bachillerato"
            },
            {
                "codigo": "DAW404",
                "nombre": "Desarrollo de Aplic. Web con Soft. Interpret. en el Cliente",
                "cantidadUv": 4,
                "prerequisitos": "LME404"
            }
        ]
    }
}