{
    "carrera": "Ingenieria en ciencias de la computacion",
    "ciclo1": {
        "maximoUv": 19,
        "materias": [
            {
                "codigo": "CAD",
                "nombre": "Calculo diferencial",
                "cantidadUv": 4,
                "prerequisitos": "Bachillerato"
            },
            {
                "codigo": "QUG941",
                "nombre": " Quimica General",
                "cantidadUv": 4,
                "prerequisitos": "Bachillerato"
            },
            {
                "codigo": "EOE901",
                "nombre": "Expresion Oral y Escrita",
                "cantidadUv": 4,
                "prerequisitos": "Bachillerato"
            },
            {
                "codigo": "PRE941",
                "nombre": "Programacion Estructurada",
                "cantidadUv": 4,
                "prerequisitos": "Bachillerato"
            },
            {
                "codigo": "CAD941",
                "nombre": "Calculo diferencial",
                "cantidadUv": 4,
                "prerequisitos": "Bachillerato"
            }
        ]
    },
    "ciclo2": {
        "maximoUv": 21,
        "materias": [
            {
                "codigo": "AVM941",
                "nombre": " Algebra Vectorial y Matrices",
                "cantidadUv": 4,
                "prerequisitos": "Bachillerato"
            },
            {
                "codigo": "CAI941",
                "nombre": " Calculo Integral",
                "cantidadUv": 4,
                "prerequisitos": "CAD941"
            },
            {
                "codigo": "EOE901",
                "nombre": "Cinematica y Dinamica de Particulas",
                "cantidadUv": 4,
                "prerequisitos": "CAD941"
            },
            {
                "codigo": "POO941",
                "nombre": "Programacion Orientada  a Objetos",
                "cantidadUv": 4,
                "prerequisitos": "PRE941"
            },
            {
                "codigo": "CAD",
                "nombre": "Modelamiento y diseño de Base de Datos",
                "cantidadUv": 4,
                "prerequisitos": "PRE941"
            }
        ]
    }
}